File Path,Size (bytes),Extension,Last Modified,Full Path,Category
"records\admin\RecordTemplateManager.tsx",21657,.tsx,2025-09-30 05:30:34,"Z:\09-25\src-9-30-25-working\features\records\admin\RecordTemplateManager.tsx",Records Core
"records\AdvancedRecordsDemo.tsx",14868,.tsx,2025-09-30 05:30:34,"Z:\09-25\src-9-30-25-working\features\records\AdvancedRecordsDemo.tsx",Records Core
"records\api.js",9598,.js,2025-09-30 05:30:34,"Z:\09-25\src-9-30-25-working\features\records\api.js",Records Core
"records\api.ts",4481,.ts,2025-09-30 05:30:34,"Z:\09-25\src-9-30-25-working\features\records\api.ts",Records Core
"records\api\fetchRecords.ts",4313,.ts,2025-09-30 05:30:34,"Z:\09-25\src-9-30-25-working\features\records\api\fetchRecords.ts",Records Core
"records\apps\records\components\AddRecordModal.tsx",14030,.tsx,2025-09-30 05:30:34,"Z:\09-25\src-9-30-25-working\features\records\apps\records\components\AddRecordModal.tsx",Records Apps
"records\apps\records\components\AdvancedGrid.tsx",10191,.tsx,2025-09-30 05:30:34,"Z:\09-25\src-9-30-25-working\features\records\apps\records\components\AdvancedGrid.tsx",Records Apps
"records\apps\records\components\ImportRecordsModal.tsx",6911,.tsx,2025-09-30 05:30:34,"Z:\09-25\src-9-30-25-working\features\records\apps\records\components\ImportRecordsModal.tsx",Records Apps
"records\apps\records\components\index.ts",264,.ts,2025-09-30 05:30:34,"Z:\09-25\src-9-30-25-working\features\records\apps\records\components\index.ts",Records Apps
"records\apps\records\components\RecordsActionButtons.tsx",1661,.tsx,2025-09-30 05:30:34,"Z:\09-25\src-9-30-25-working\features\records\apps\records\components\RecordsActionButtons.tsx",Records Apps
"records\apps\records\DynamicRecordsPageWrapper.tsx",4891,.tsx,2025-09-30 05:30:34,"Z:\09-25\src-9-30-25-working\features\records\apps\records\DynamicRecordsPageWrapper.tsx",Records Apps
"records\apps\records\index.tsx",1251,.tsx,2025-09-30 05:30:34,"Z:\09-25\src-9-30-25-working\features\records\apps\records\index.tsx",Records Apps
"records\apps\records\recordGrid\RecordCard.tsx",7409,.tsx,2025-09-30 05:30:34,"Z:\09-25\src-9-30-25-working\features\records\apps\records\recordGrid\RecordCard.tsx",Records Apps
"records\apps\records\recordGrid\RecordFilter.tsx",7471,.tsx,2025-09-30 05:30:34,"Z:\09-25\src-9-30-25-working\features\records\apps\records\recordGrid\RecordFilter.tsx",Records Apps
"records\apps\records\recordGrid\RecordList.tsx",6333,.tsx,2025-09-30 05:30:34,"Z:\09-25\src-9-30-25-working\features\records\apps\records\recordGrid\RecordList.tsx",Records Apps
"records\apps\records\recordGrid\RecordSearch.tsx",829,.tsx,2025-09-30 05:30:34,"Z:\09-25\src-9-30-25-working\features\records\apps\records\recordGrid\RecordSearch.tsx",Records Apps
"records\apps\records\recordGrid\RecordSidebar.tsx",963,.tsx,2025-09-30 05:30:34,"Z:\09-25\src-9-30-25-working\features\records\apps\records\recordGrid\RecordSidebar.tsx",Records Apps
"records\apps\records\RecordsUIPage.tsx",25262,.tsx,2025-09-30 05:30:34,"Z:\09-25\src-9-30-25-working\features\records\apps\records\RecordsUIPage.tsx",Records Apps
"records\apps\records-grid\RecordsGridPage.tsx",3846,.tsx,2025-09-30 05:30:34,"Z:\09-25\src-9-30-25-working\features\records\apps\records-grid\RecordsGridPage.tsx",Records Apps
"records\BaptismRecordsComponent.tsx",16852,.tsx,2025-09-30 05:30:34,"Z:\09-25\src-9-30-25-working\features\records\BaptismRecordsComponent.tsx",Baptism
"records\BaptismRecordsPage.tsx",70821,.tsx,2025-09-30 05:30:34,"Z:\09-25\src-9-30-25-working\features\records\BaptismRecordsPage.tsx",Baptism
"records\BrandButtons.tsx",2964,.tsx,2025-09-30 05:30:34,"Z:\09-25\src-9-30-25-working\features\records\BrandButtons.tsx",Records Core
"records\CertificatePreviewer.tsx",24464,.tsx,2025-09-30 05:30:34,"Z:\09-25\src-9-30-25-working\features\records\CertificatePreviewer.tsx",Records Core
"records\ChurchManagement\FormSections\RecordsDatabaseSection.tsx",2808,.tsx,2025-09-30 05:30:34,"Z:\09-25\src-9-30-25-working\features\records\ChurchManagement\FormSections\RecordsDatabaseSection.tsx",Records Core
"records\ChurchRecordsPage.tsx",17944,.tsx,2025-09-30 05:30:34,"Z:\09-25\src-9-30-25-working\features\records\ChurchRecordsPage.tsx",Records Core
"records\ChurchRecordsSimplePage.tsx",17039,.tsx,2025-09-30 05:30:34,"Z:\09-25\src-9-30-25-working\features\records\ChurchRecordsSimplePage.tsx",Records Core
"records\constants.js",14040,.js,2025-09-30 05:30:34,"Z:\09-25\src-9-30-25-working\features\records\constants.js",Records Core
"records\DeleteConfirmationModal.tsx",2401,.tsx,2025-09-30 05:30:34,"Z:\09-25\src-9-30-25-working\features\records\DeleteConfirmationModal.tsx",Records Core
"records\DynamicRecordsPage.tsx",17968,.tsx,2025-09-30 05:30:34,"Z:\09-25\src-9-30-25-working\features\records\DynamicRecordsPage.tsx",Records Core
"records\EditableRecordPage.tsx",14565,.tsx,2025-09-30 05:30:34,"Z:\09-25\src-9-30-25-working\features\records\EditableRecordPage.tsx",Records Core
"records\frontend-pages\homepage\baptism-record-viewer\BaptismRecordViewerMagnifier.tsx",10621,.tsx,2025-09-30 05:30:34,"Z:\09-25\src-9-30-25-working\features\records\frontend-pages\homepage\baptism-record-viewer\BaptismRecordViewerMagnifier.tsx",Baptism
"records\ImportModal.tsx",3775,.tsx,2025-09-30 05:30:34,"Z:\09-25\src-9-30-25-working\features\records\ImportModal.tsx",Records Core
"records\ImportRecordsButton.tsx",18265,.tsx,2025-09-30 05:30:34,"Z:\09-25\src-9-30-25-working\features\records\ImportRecordsButton.tsx",Records Core
"records\ImportRecordsButtonSimple.tsx",13216,.tsx,2025-09-30 05:30:34,"Z:\09-25\src-9-30-25-working\features\records\ImportRecordsButtonSimple.tsx",Records Core
"records\ImportRecordsButtonV2.tsx",19813,.tsx,2025-09-30 05:30:34,"Z:\09-25\src-9-30-25-working\features\records\ImportRecordsButtonV2.tsx",Records Core
"records\index.js",973,.js,2025-09-30 05:30:34,"Z:\09-25\src-9-30-25-working\features\records\index.js",Records Core
"records\RecordFilters.tsx",3172,.tsx,2025-09-30 05:30:34,"Z:\09-25\src-9-30-25-working\features\records\RecordFilters.tsx",Records Core
"records\RecordFormModal.tsx",13187,.tsx,2025-09-30 05:30:34,"Z:\09-25\src-9-30-25-working\features\records\RecordFormModal.tsx",Records Core
"records\RecordGenerator.tsx",15614,.tsx,2025-09-30 05:30:34,"Z:\09-25\src-9-30-25-working\features\records\RecordGenerator.tsx",Records Core
"records\RecordGeneratorPage.tsx",4094,.tsx,2025-09-30 05:30:34,"Z:\09-25\src-9-30-25-working\features\records\RecordGeneratorPage.tsx",Records Core
"records\recordGrid\RecordCard.tsx",7489,.tsx,2025-09-30 05:30:34,"Z:\09-25\src-9-30-25-working\features\records\recordGrid\RecordCard.tsx",Records Core
"records\recordGrid\RecordFilter.tsx",7471,.tsx,2025-09-30 05:30:34,"Z:\09-25\src-9-30-25-working\features\records\recordGrid\RecordFilter.tsx",Records Core
"records\recordGrid\RecordList.tsx",6327,.tsx,2025-09-30 05:30:34,"Z:\09-25\src-9-30-25-working\features\records\recordGrid\RecordList.tsx",Records Core
"records\recordGrid\RecordSearch.tsx",829,.tsx,2025-09-30 05:30:34,"Z:\09-25\src-9-30-25-working\features\records\recordGrid\RecordSearch.tsx",Records Core
"records\recordGrid\RecordSidebar.tsx",963,.tsx,2025-09-30 05:30:34,"Z:\09-25\src-9-30-25-working\features\records\recordGrid\RecordSidebar.tsx",Records Core
"records\RecordHeader.tsx",5221,.tsx,2025-09-30 05:30:34,"Z:\09-25\src-9-30-25-working\features\records\RecordHeader.tsx",Records Core
"records\RecordHistoryModal.tsx",3232,.tsx,2025-09-30 05:30:34,"Z:\09-25\src-9-30-25-working\features\records\RecordHistoryModal.tsx",Records Core
"records\RecordManager.tsx",12360,.tsx,2025-09-30 05:30:34,"Z:\09-25\src-9-30-25-working\features\records\RecordManager.tsx",Records Core
"records\RecordPagination.tsx",2496,.tsx,2025-09-30 05:30:34,"Z:\09-25\src-9-30-25-working\features\records\RecordPagination.tsx",Records Core
"records\RecordPreviewPane\index.ts",47,.ts,2025-09-30 05:30:34,"Z:\09-25\src-9-30-25-working\features\records\RecordPreviewPane\index.ts",Records Core
"records\RecordPreviewPane\RecordPreviewPane.tsx",8874,.tsx,2025-09-30 05:30:34,"Z:\09-25\src-9-30-25-working\features\records\RecordPreviewPane\RecordPreviewPane.tsx",Records Core
"records\records\BaptismRecordsPage.tsx",70764,.tsx,2025-09-30 05:30:34,"Z:\09-25\src-9-30-25-working\features\records\records\BaptismRecordsPage.tsx",Baptism
"records\records\BrandButtons.tsx",2890,.tsx,2025-09-30 05:30:34,"Z:\09-25\src-9-30-25-working\features\records\records\BrandButtons.tsx",Records Core
"records\records\ChurchRecordsPage.tsx",17944,.tsx,2025-09-30 05:30:34,"Z:\09-25\src-9-30-25-working\features\records\records\ChurchRecordsPage.tsx",Records Core
"records\records\ChurchRecordsSimplePage.tsx",17016,.tsx,2025-09-30 05:30:34,"Z:\09-25\src-9-30-25-working\features\records\records\ChurchRecordsSimplePage.tsx",Records Core
"records\records\DynamicRecordsPage.tsx",17934,.tsx,2025-09-30 05:30:34,"Z:\09-25\src-9-30-25-working\features\records\records\DynamicRecordsPage.tsx",Records Core
"records\records\RecordsAgGrid.tsx",19997,.tsx,2025-09-30 05:30:34,"Z:\09-25\src-9-30-25-working\features\records\records\RecordsAgGrid.tsx",Records Core
"records\records\SSPPOCRecordsPage.tsx",77354,.tsx,2025-09-30 05:30:34,"Z:\09-25\src-9-30-25-working\features\records\records\SSPPOCRecordsPage.tsx",Records Core
"records\records\TableSkeleton.tsx",1364,.tsx,2025-09-30 05:30:34,"Z:\09-25\src-9-30-25-working\features\records\records\TableSkeleton.tsx",Records Core
"records\records\UnifiedRecordsPage.tsx",5731,.tsx,2025-09-30 05:30:34,"Z:\09-25\src-9-30-25-working\features\records\records\UnifiedRecordsPage.tsx",Records Core
"records\RecordsAgGrid.tsx",20065,.tsx,2025-09-30 05:30:34,"Z:\09-25\src-9-30-25-working\features\records\RecordsAgGrid.tsx",Records Core
"records\RecordSearch.tsx",4808,.tsx,2025-09-30 05:30:34,"Z:\09-25\src-9-30-25-working\features\records\RecordSearch.tsx",Records Core
"records\RecordsGrid.tsx",15283,.tsx,2025-09-30 05:30:34,"Z:\09-25\src-9-30-25-working\features\records\RecordsGrid.tsx",Records Core
"records\RecordsPage.tsx",10779,.tsx,2025-09-30 05:30:34,"Z:\09-25\src-9-30-25-working\features\records\RecordsPage.tsx",Records Core
"records\RecordTable.tsx",9961,.tsx,2025-09-30 05:30:34,"Z:\09-25\src-9-30-25-working\features\records\RecordTable.tsx",Records Core
"records\SSPPOCRecordsPage.tsx",72966,.tsx,2025-09-30 05:30:34,"Z:\09-25\src-9-30-25-working\features\records\SSPPOCRecordsPage.tsx",Records Core
"records\TableSkeleton.tsx",1421,.tsx,2025-09-30 05:30:34,"Z:\09-25\src-9-30-25-working\features\records\TableSkeleton.tsx",Records Core
"records\UnifiedRecordsPage.tsx",5740,.tsx,2025-09-30 05:30:34,"Z:\09-25\src-9-30-25-working\features\records\UnifiedRecordsPage.tsx",Records Core
"records\useRecordManager.js",16782,.js,2025-09-30 05:30:34,"Z:\09-25\src-9-30-25-working\features\records\useRecordManager.js",Records Core
"records-centralized\components\Address.tsx",1199,.tsx,2025-09-30 05:30:34,"Z:\09-25\src-9-30-25-working\features\records-centralized\components\Address.tsx",Records Centralized
"records-centralized\components\AdvancedGridDialog\index.tsx",878,.tsx,2025-09-30 05:30:34,"Z:\09-25\src-9-30-25-working\features\records-centralized\components\AdvancedGridDialog\index.tsx",Records Centralized
"records-centralized\components\api.ts",4481,.ts,2025-09-30 05:30:34,"Z:\09-25\src-9-30-25-working\features\records-centralized\components\api.ts",Records Centralized
"records-centralized\components\baptism\BaptismRecords.tsx",6653,.tsx,2025-09-30 05:30:34,"Z:\09-25\src-9-30-25-working\features\records-centralized\components\baptism\BaptismRecords.tsx",Baptism
"records-centralized\components\baptism\BaptismRecordsComponent.tsx",16852,.tsx,2025-09-30 05:30:34,"Z:\09-25\src-9-30-25-working\features\records-centralized\components\baptism\BaptismRecordsComponent.tsx",Baptism
"records-centralized\components\baptism\BaptismRecordViewerMagnifier.tsx",10621,.tsx,2025-09-30 05:30:34,"Z:\09-25\src-9-30-25-working\features\records-centralized\components\baptism\BaptismRecordViewerMagnifier.tsx",Baptism
"records-centralized\components\baptism\index.ts",67,.ts,2025-09-30 05:30:34,"Z:\09-25\src-9-30-25-working\features\records-centralized\components\baptism\index.ts",Baptism
"records-centralized\components\BasicIcons.tsx",4643,.tsx,2025-09-30 05:30:34,"Z:\09-25\src-9-30-25-working\features\records-centralized\components\BasicIcons.tsx",Records Centralized
"records-centralized\components\BasicIconsCode.tsx",4520,.tsx,2025-09-30 05:30:34,"Z:\09-25\src-9-30-25-working\features\records-centralized\components\BasicIconsCode.tsx",Records Centralized
"records-centralized\components\BulkOperations.tsx",22979,.tsx,2025-09-30 05:30:34,"Z:\09-25\src-9-30-25-working\features\records-centralized\components\BulkOperations.tsx",Records Centralized
"records-centralized\components\census\index.ts",66,.ts,2025-09-30 05:30:34,"Z:\09-25\src-9-30-25-working\features\records-centralized\components\census\index.ts",Records Centralized
"records-centralized\components\CertificatePreviewer.tsx",24464,.tsx,2025-09-30 05:30:34,"Z:\09-25\src-9-30-25-working\features\records-centralized\components\CertificatePreviewer.tsx",Records Centralized
"records-centralized\components\client.ts",1760,.ts,2025-09-30 05:30:34,"Z:\09-25\src-9-30-25-working\features\records-centralized\components\client.ts",Records Centralized
"records-centralized\components\ColorLabel.tsx",1084,.tsx,2025-09-30 05:30:34,"Z:\09-25\src-9-30-25-working\features\records-centralized\components\ColorLabel.tsx",Records Centralized
"records-centralized\components\ColorPaletteSelector\index.tsx",886,.tsx,2025-09-30 05:30:34,"Z:\09-25\src-9-30-25-working\features\records-centralized\components\ColorPaletteSelector\index.tsx",Records Centralized
"records-centralized\components\ColorPickerPopover\index.tsx",295,.tsx,2025-09-30 05:30:34,"Z:\09-25\src-9-30-25-working\features\records-centralized\components\ColorPickerPopover\index.tsx",Records Centralized
"records-centralized\components\Colors.tsx",432,.tsx,2025-09-30 05:30:34,"Z:\09-25\src-9-30-25-working\features\records-centralized\components\Colors.tsx",Records Centralized
"records-centralized\components\ColorsCode.tsx",741,.tsx,2025-09-30 05:30:34,"Z:\09-25\src-9-30-25-working\features\records-centralized\components\ColorsCode.tsx",Records Centralized
"records-centralized\components\communion\index.ts",69,.ts,2025-09-30 05:30:34,"Z:\09-25\src-9-30-25-working\features\records-centralized\components\communion\index.ts",Records Centralized
"records-centralized\components\confirmation\DeleteConfirmationModal.tsx",2401,.tsx,2025-09-30 05:30:34,"Z:\09-25\src-9-30-25-working\features\records-centralized\components\confirmation\DeleteConfirmationModal.tsx",Records Centralized
"records-centralized\components\confirmation\index.ts",72,.ts,2025-09-30 05:30:34,"Z:\09-25\src-9-30-25-working\features\records-centralized\components\confirmation\index.ts",Records Centralized
"records-centralized\components\constants.ts",16298,.ts,2025-09-30 05:30:34,"Z:\09-25\src-9-30-25-working\features\records-centralized\components\constants.ts",Records Centralized
"records-centralized\components\Custom.tsx",356,.tsx,2025-09-30 05:30:34,"Z:\09-25\src-9-30-25-working\features\records-centralized\components\Custom.tsx",Records Centralized
"records-centralized\components\CustomRangeSlider.tsx",540,.tsx,2025-09-30 05:30:34,"Z:\09-25\src-9-30-25-working\features\records-centralized\components\CustomRangeSlider.tsx",Records Centralized
"records-centralized\components\CustomSlider.tsx",555,.tsx,2025-09-30 05:30:34,"Z:\09-25\src-9-30-25-working\features\records-centralized\components\CustomSlider.tsx",Records Centralized
"records-centralized\components\CustomSliderCode.tsx",800,.tsx,2025-09-30 05:30:34,"Z:\09-25\src-9-30-25-working\features\records-centralized\components\CustomSliderCode.tsx",Records Centralized
"records-centralized\components\death\index.ts",65,.ts,2025-09-30 05:30:34,"Z:\09-25\src-9-30-25-working\features\records-centralized\components\death\index.ts",Records Centralized
"records-centralized\components\Default.tsx",274,.tsx,2025-09-30 05:30:34,"Z:\09-25\src-9-30-25-working\features\records-centralized\components\Default.tsx",Records Centralized
"records-centralized\components\DefaultCode.tsx",640,.tsx,2025-09-30 05:30:34,"Z:\09-25\src-9-30-25-working\features\records-centralized\components\DefaultCode.tsx",Records Centralized
"records-centralized\components\DefaultLabel.tsx",393,.tsx,2025-09-30 05:30:34,"Z:\09-25\src-9-30-25-working\features\records-centralized\components\DefaultLabel.tsx",Records Centralized
"records-centralized\components\DefaultsliderCode.tsx",355,.tsx,2025-09-30 05:30:34,"Z:\09-25\src-9-30-25-working\features\records-centralized\components\DefaultsliderCode.tsx",Records Centralized
"records-centralized\components\DifferentDesignCode.tsx",1587,.tsx,2025-09-30 05:30:34,"Z:\09-25\src-9-30-25-working\features\records-centralized\components\DifferentDesignCode.tsx",Records Centralized
"records-centralized\components\DisabledSliderCode.tsx",364,.tsx,2025-09-30 05:30:34,"Z:\09-25\src-9-30-25-working\features\records-centralized\components\DisabledSliderCode.tsx",Records Centralized
"records-centralized\components\DiscreteSlider.tsx",636,.tsx,2025-09-30 05:30:34,"Z:\09-25\src-9-30-25-working\features\records-centralized\components\DiscreteSlider.tsx",Records Centralized
"records-centralized\components\DiscreteSliderCode.tsx",485,.tsx,2025-09-30 05:30:34,"Z:\09-25\src-9-30-25-working\features\records-centralized\components\DiscreteSliderCode.tsx",Records Centralized
"records-centralized\components\endpoints.ts",803,.ts,2025-09-30 05:30:34,"Z:\09-25\src-9-30-25-working\features\records-centralized\components\endpoints.ts",Records Centralized
"records-centralized\components\entries\index.ts",67,.ts,2025-09-30 05:30:34,"Z:\09-25\src-9-30-25-working\features\records-centralized\components\entries\index.ts",Records Centralized
"records-centralized\components\FABCode.tsx",750,.tsx,2025-09-30 05:30:34,"Z:\09-25\src-9-30-25-working\features\records-centralized\components\FABCode.tsx",Records Centralized
"records-centralized\components\FABColorCode.tsx",1119,.tsx,2025-09-30 05:30:34,"Z:\09-25\src-9-30-25-working\features\records-centralized\components\FABColorCode.tsx",Records Centralized
"records-centralized\components\FABSizeCode.tsx",856,.tsx,2025-09-30 05:30:34,"Z:\09-25\src-9-30-25-working\features\records-centralized\components\FABSizeCode.tsx",Records Centralized
"records-centralized\components\FieldRenderer\index.tsx",318,.tsx,2025-09-30 05:30:34,"Z:\09-25\src-9-30-25-working\features\records-centralized\components\FieldRenderer\index.tsx",Records Centralized
"records-centralized\components\forms\ChurchForm.tsx",38659,.tsx,2025-09-30 05:30:34,"Z:\09-25\src-9-30-25-working\features\records-centralized\components\forms\ChurchForm.tsx",Records Centralized
"records-centralized\components\forms\CollapsibleForm.tsx",12433,.tsx,2025-09-30 05:30:34,"Z:\09-25\src-9-30-25-working\features\records-centralized\components\forms\CollapsibleForm.tsx",Records Centralized
"records-centralized\components\forms\CustomFormLabel.tsx",398,.tsx,2025-09-30 05:30:34,"Z:\09-25\src-9-30-25-working\features\records-centralized\components\forms\CustomFormLabel.tsx",Records Centralized
"records-centralized\components\forms\DropzoneFormInput.tsx",9518,.tsx,2025-09-30 05:30:34,"Z:\09-25\src-9-30-25-working\features\records-centralized\components\forms\DropzoneFormInput.tsx",Records Centralized
"records-centralized\components\forms\DynamicRecordForm.tsx",4822,.tsx,2025-09-30 05:30:34,"Z:\09-25\src-9-30-25-working\features\records-centralized\components\forms\DynamicRecordForm.tsx",Records Centralized
"records-centralized\components\forms\EnhancedDynamicForm.tsx",26398,.tsx,2025-09-30 05:30:34,"Z:\09-25\src-9-30-25-working\features\records-centralized\components\forms\EnhancedDynamicForm.tsx",Records Centralized
"records-centralized\components\forms\FbBasicHeaderForm.tsx",7793,.tsx,2025-09-30 05:30:34,"Z:\09-25\src-9-30-25-working\features\records-centralized\components\forms\FbBasicHeaderForm.tsx",Records Centralized
"records-centralized\components\forms\FbDefaultForm.tsx",5768,.tsx,2025-09-30 05:30:34,"Z:\09-25\src-9-30-25-working\features\records-centralized\components\forms\FbDefaultForm.tsx",Records Centralized
"records-centralized\components\forms\FbDisabledForm.tsx",1311,.tsx,2025-09-30 05:30:34,"Z:\09-25\src-9-30-25-working\features\records-centralized\components\forms\FbDisabledForm.tsx",Records Centralized
"records-centralized\components\forms\FbLeftIconForm.tsx",3384,.tsx,2025-09-30 05:30:34,"Z:\09-25\src-9-30-25-working\features\records-centralized\components\forms\FbLeftIconForm.tsx",Records Centralized
"records-centralized\components\forms\FbOrdinaryForm.tsx",1843,.tsx,2025-09-30 05:30:34,"Z:\09-25\src-9-30-25-working\features\records-centralized\components\forms\FbOrdinaryForm.tsx",Records Centralized
"records-centralized\components\forms\FbReadonlyForm.tsx",1697,.tsx,2025-09-30 05:30:34,"Z:\09-25\src-9-30-25-working\features\records-centralized\components\forms\FbReadonlyForm.tsx",Records Centralized
"records-centralized\components\forms\FbRightIconForm.tsx",3197,.tsx,2025-09-30 05:30:34,"Z:\09-25\src-9-30-25-working\features\records-centralized\components\forms\FbRightIconForm.tsx",Records Centralized
"records-centralized\components\forms\formatTimestamp.ts",2145,.ts,2025-09-30 05:30:34,"Z:\09-25\src-9-30-25-working\features\records-centralized\components\forms\formatTimestamp.ts",Records Centralized
"records-centralized\components\forms\FormBuilder.tsx",21636,.tsx,2025-09-30 05:30:34,"Z:\09-25\src-9-30-25-working\features\records-centralized\components\forms\FormBuilder.tsx",Records Centralized
"records-centralized\components\forms\FormCustom.tsx",15480,.tsx,2025-09-30 05:30:34,"Z:\09-25\src-9-30-25-working\features\records-centralized\components\forms\FormCustom.tsx",Records Centralized
"records-centralized\components\forms\FormCustomCode.tsx",17588,.tsx,2025-09-30 05:30:34,"Z:\09-25\src-9-30-25-working\features\records-centralized\components\forms\FormCustomCode.tsx",Records Centralized
"records-centralized\components\forms\FormDialog.tsx",1778,.tsx,2025-09-30 05:30:34,"Z:\09-25\src-9-30-25-working\features\records-centralized\components\forms\FormDialog.tsx",Records Centralized
"records-centralized\components\forms\FormHorizontal.tsx",2527,.tsx,2025-09-30 05:30:34,"Z:\09-25\src-9-30-25-working\features\records-centralized\components\forms\FormHorizontal.tsx",Records Centralized
"records-centralized\components\forms\FormLabelAlignment.tsx",7029,.tsx,2025-09-30 05:30:34,"Z:\09-25\src-9-30-25-working\features\records-centralized\components\forms\FormLabelAlignment.tsx",Records Centralized
"records-centralized\components\forms\FormLayouts.tsx",2010,.tsx,2025-09-30 05:30:34,"Z:\09-25\src-9-30-25-working\features\records-centralized\components\forms\FormLayouts.tsx",Records Centralized
"records-centralized\components\forms\FormSeparator.tsx",6802,.tsx,2025-09-30 05:30:34,"Z:\09-25\src-9-30-25-working\features\records-centralized\components\forms\FormSeparator.tsx",Records Centralized
"records-centralized\components\forms\FormTabs.tsx",20027,.tsx,2025-09-30 05:30:34,"Z:\09-25\src-9-30-25-working\features\records-centralized\components\forms\FormTabs.tsx",Records Centralized
"records-centralized\components\forms\FormValidation.tsx",3734,.tsx,2025-09-30 05:30:34,"Z:\09-25\src-9-30-25-working\features\records-centralized\components\forms\FormValidation.tsx",Records Centralized
"records-centralized\components\forms\FormVertical.tsx",2279,.tsx,2025-09-30 05:30:34,"Z:\09-25\src-9-30-25-working\features\records-centralized\components\forms\FormVertical.tsx",Records Centralized
"records-centralized\components\forms\index.ts",65,.ts,2025-09-30 05:30:34,"Z:\09-25\src-9-30-25-working\features\records-centralized\components\forms\index.ts",Records Centralized
"records-centralized\components\forms\MetadataForm.tsx",5413,.tsx,2025-09-30 05:30:34,"Z:\09-25\src-9-30-25-working\features\records-centralized\components\forms\MetadataForm.tsx",Records Centralized
"records-centralized\components\forms\ModernDynamicRecordForm.tsx",17642,.tsx,2025-09-30 05:30:34,"Z:\09-25\src-9-30-25-working\features\records-centralized\components\forms\ModernDynamicRecordForm.tsx",Records Centralized
"records-centralized\components\forms\PasswordFormInput.tsx",2887,.tsx,2025-09-30 05:30:34,"Z:\09-25\src-9-30-25-working\features\records-centralized\components\forms\PasswordFormInput.tsx",Records Centralized
"records-centralized\components\forms\performance.ts",10098,.ts,2025-09-30 05:30:34,"Z:\09-25\src-9-30-25-working\features\records-centralized\components\forms\performance.ts",Records Centralized
"records-centralized\components\forms\ProductPerformances.tsx",12286,.tsx,2025-09-30 05:30:34,"Z:\09-25\src-9-30-25-working\features\records-centralized\components\forms\ProductPerformances.tsx",Records Centralized
"records-centralized\components\forms\RecordFormModal.tsx",13187,.tsx,2025-09-30 05:30:34,"Z:\09-25\src-9-30-25-working\features\records-centralized\components\forms\RecordFormModal.tsx",Records Centralized
"records-centralized\components\forms\RecordsForm.tsx",14017,.tsx,2025-09-30 05:30:34,"Z:\09-25\src-9-30-25-working\features\records-centralized\components\forms\RecordsForm.tsx",Records Centralized
"records-centralized\components\forms\SelectFormInput.tsx",2778,.tsx,2025-09-30 05:30:34,"Z:\09-25\src-9-30-25-working\features\records-centralized\components\forms\SelectFormInput.tsx",Records Centralized
"records-centralized\components\forms\TextAreaFormInput.tsx",2172,.tsx,2025-09-30 05:30:34,"Z:\09-25\src-9-30-25-working\features\records-centralized\components\forms\TextAreaFormInput.tsx",Records Centralized
"records-centralized\components\forms\TextFormInput.tsx",1789,.tsx,2025-09-30 05:30:34,"Z:\09-25\src-9-30-25-working\features\records-centralized\components\forms\TextFormInput.tsx",Records Centralized
"records-centralized\components\forms\TopPerformerData.ts",1087,.ts,2025-09-30 05:30:34,"Z:\09-25\src-9-30-25-working\features\records-centralized\components\forms\TopPerformerData.ts",Records Centralized
"records-centralized\components\forms\UnifiedRecordForm.tsx",5519,.tsx,2025-09-30 05:30:34,"Z:\09-25\src-9-30-25-working\features\records-centralized\components\forms\UnifiedRecordForm.tsx",Records Centralized
"records-centralized\components\forms\UserFormModal.tsx",28039,.tsx,2025-09-30 05:30:34,"Z:\09-25\src-9-30-25-working\features\records-centralized\components\forms\UserFormModal.tsx",Records Centralized
"records-centralized\components\FreeSoloAutocomplete.tsx",1138,.tsx,2025-09-30 05:30:34,"Z:\09-25\src-9-30-25-working\features\records-centralized\components\FreeSoloAutocomplete.tsx",Records Centralized
"records-centralized\components\FreeSoloCode.tsx",3371,.tsx,2025-09-30 05:30:34,"Z:\09-25\src-9-30-25-working\features\records-centralized\components\FreeSoloCode.tsx",Records Centralized
"records-centralized\components\FVOnLeave.tsx",2146,.tsx,2025-09-30 05:30:34,"Z:\09-25\src-9-30-25-working\features\records-centralized\components\FVOnLeave.tsx",Records Centralized
"records-centralized\components\IconColorCode.tsx",1164,.tsx,2025-09-30 05:30:34,"Z:\09-25\src-9-30-25-working\features\records-centralized\components\IconColorCode.tsx",Records Centralized
"records-centralized\components\IconSizesCode.tsx",815,.tsx,2025-09-30 05:30:34,"Z:\09-25\src-9-30-25-working\features\records-centralized\components\IconSizesCode.tsx",Records Centralized
"records-centralized\components\index.ts",295,.ts,2025-09-30 05:30:34,"Z:\09-25\src-9-30-25-working\features\records-centralized\components\index.ts",Records Centralized
"records-centralized\components\index.tsx",1308,.tsx,2025-09-30 05:30:34,"Z:\09-25\src-9-30-25-working\features\records-centralized\components\index.tsx",Records Centralized
"records-centralized\components\marriage\index.ts",68,.ts,2025-09-30 05:30:34,"Z:\09-25\src-9-30-25-working\features\records-centralized\components\marriage\index.ts",Marriage
"records-centralized\components\marriage\MarriageRecords.tsx",14015,.tsx,2025-09-30 05:30:34,"Z:\09-25\src-9-30-25-working\features\records-centralized\components\marriage\MarriageRecords.tsx",Marriage
"records-centralized\components\members\index.ts",67,.ts,2025-09-30 05:30:34,"Z:\09-25\src-9-30-25-working\features\records-centralized\components\members\index.ts",Records Centralized
"records-centralized\components\MuiAutoComplete.tsx",4527,.tsx,2025-09-30 05:30:34,"Z:\09-25\src-9-30-25-working\features\records-centralized\components\MuiAutoComplete.tsx",Records Centralized
"records-centralized\components\MuiSlider.tsx",8534,.tsx,2025-09-30 05:30:34,"Z:\09-25\src-9-30-25-working\features\records-centralized\components\MuiSlider.tsx",Records Centralized
"records-centralized\components\MultipleValuesAutocomplete.tsx",598,.tsx,2025-09-30 05:30:34,"Z:\09-25\src-9-30-25-working\features\records-centralized\components\MultipleValuesAutocomplete.tsx",Records Centralized
"records-centralized\components\MultipleValuesCode.tsx",2826,.tsx,2025-09-30 05:30:34,"Z:\09-25\src-9-30-25-working\features\records-centralized\components\MultipleValuesCode.tsx",Records Centralized
"records-centralized\components\OnLeaveCode.tsx",3014,.tsx,2025-09-30 05:30:34,"Z:\09-25\src-9-30-25-working\features\records-centralized\components\OnLeaveCode.tsx",Records Centralized
"records-centralized\components\Position.tsx",1027,.tsx,2025-09-30 05:30:34,"Z:\09-25\src-9-30-25-working\features\records-centralized\components\Position.tsx",Records Centralized
"records-centralized\components\queries.ts",2923,.ts,2025-09-30 05:30:34,"Z:\09-25\src-9-30-25-working\features\records-centralized\components\queries.ts",Records Centralized
"records-centralized\components\RangeDefault.tsx",1328,.tsx,2025-09-30 05:30:34,"Z:\09-25\src-9-30-25-working\features\records-centralized\components\RangeDefault.tsx",Records Centralized
"records-centralized\components\RangeSlider.tsx",798,.tsx,2025-09-30 05:30:34,"Z:\09-25\src-9-30-25-working\features\records-centralized\components\RangeSlider.tsx",Records Centralized
"records-centralized\components\RangesliderCode.tsx",1626,.tsx,2025-09-30 05:30:34,"Z:\09-25\src-9-30-25-working\features\records-centralized\components\RangesliderCode.tsx",Records Centralized
"records-centralized\components\RecordPreviewPane\index.tsx",233,.tsx,2025-09-30 05:30:34,"Z:\09-25\src-9-30-25-working\features\records-centralized\components\RecordPreviewPane\index.tsx",Records Centralized
"records-centralized\components\records\AccessibleRecordsTable.tsx",19676,.tsx,2025-09-30 05:30:34,"Z:\09-25\src-9-30-25-working\features\records-centralized\components\records\AccessibleRecordsTable.tsx",Records Centralized
"records-centralized\components\records\AdvancedRecordsDemo.tsx",14868,.tsx,2025-09-30 05:30:34,"Z:\09-25\src-9-30-25-working\features\records-centralized\components\records\AdvancedRecordsDemo.tsx",Records Centralized
"records-centralized\components\records\AgGridConfigApiService.ts",1599,.ts,2025-09-30 05:30:34,"Z:\09-25\src-9-30-25-working\features\records-centralized\components\records\AgGridConfigApiService.ts",Records Centralized
"records-centralized\components\records\AgGridRecordsTable.tsx",12176,.tsx,2025-09-30 05:30:34,"Z:\09-25\src-9-30-25-working\features\records-centralized\components\records\AgGridRecordsTable.tsx",Records Centralized
"records-centralized\components\records\BaseRecordsTable.tsx",8334,.tsx,2025-09-30 05:30:34,"Z:\09-25\src-9-30-25-working\features\records-centralized\components\records\BaseRecordsTable.tsx",Records Centralized
"records-centralized\components\records\BerryRecordsTable.tsx",16864,.tsx,2025-09-30 05:30:34,"Z:\09-25\src-9-30-25-working\features\records-centralized\components\records\BerryRecordsTable.tsx",Records Centralized
"records-centralized\components\records\blogData.ts",8391,.ts,2025-09-30 05:30:34,"Z:\09-25\src-9-30-25-working\features\records-centralized\components\records\blogData.ts",Records Centralized
"records-centralized\components\records\Chatdata.ts",15331,.ts,2025-09-30 05:30:34,"Z:\09-25\src-9-30-25-working\features\records-centralized\components\records\Chatdata.ts",Records Centralized
"records-centralized\components\records\churchData.tsx",13430,.tsx,2025-09-30 05:30:34,"Z:\09-25\src-9-30-25-working\features\records-centralized\components\records\churchData.tsx",Records Centralized
"records-centralized\components\records\church-records.api.ts",11021,.ts,2025-09-30 05:30:34,"Z:\09-25\src-9-30-25-working\features\records-centralized\components\records\church-records.api.ts",Records Centralized
"records-centralized\components\records\church-records.hooks.ts",10095,.ts,2025-09-30 05:30:34,"Z:\09-25\src-9-30-25-working\features\records-centralized\components\records\church-records.hooks.ts",Records Centralized
"records-centralized\components\records\church-records.types.ts",3494,.ts,2025-09-30 05:30:34,"Z:\09-25\src-9-30-25-working\features\records-centralized\components\records\church-records.types.ts",Records Centralized
"records-centralized\components\records\church-records-advanced.types.ts",6273,.ts,2025-09-30 05:30:34,"Z:\09-25\src-9-30-25-working\features\records-centralized\components\records\church-records-advanced.types.ts",Records Centralized
"records-centralized\components\records\ChurchRecordsContext.tsx",17328,.tsx,2025-09-30 05:30:34,"Z:\09-25\src-9-30-25-working\features\records-centralized\components\records\ChurchRecordsContext.tsx",Records Centralized
"records-centralized\components\records\ChurchRecordsProvider.tsx",5108,.tsx,2025-09-30 05:30:34,"Z:\09-25\src-9-30-25-working\features\records-centralized\components\records\ChurchRecordsProvider.tsx",Records Centralized
"records-centralized\components\records\ContactsData.tsx",14237,.tsx,2025-09-30 05:30:34,"Z:\09-25\src-9-30-25-working\features\records-centralized\components\records\ContactsData.tsx",Records Centralized
"records-centralized\components\records\countrydata.tsx",15258,.tsx,2025-09-30 05:30:34,"Z:\09-25\src-9-30-25-working\features\records-centralized\components\records\countrydata.tsx",Records Centralized
"records-centralized\components\records\data.ts",4851,.ts,2025-09-30 05:30:34,"Z:\09-25\src-9-30-25-working\features\records-centralized\components\records\data.ts",Records Centralized
"records-centralized\components\records\DatabaseStatus.tsx",4048,.tsx,2025-09-30 05:30:34,"Z:\09-25\src-9-30-25-working\features\records-centralized\components\records\DatabaseStatus.tsx",Records Centralized
"records-centralized\components\records\DynamicRecordForm.tsx",544,.tsx,2025-09-30 05:30:34,"Z:\09-25\src-9-30-25-working\features\records-centralized\components\records\DynamicRecordForm.tsx",Records Centralized
"records-centralized\components\records\dynamicRecordsApi.ts",5591,.ts,2025-09-30 05:30:34,"Z:\09-25\src-9-30-25-working\features\records-centralized\components\records\dynamicRecordsApi.ts",Records Centralized
"records-centralized\components\records\DynamicRecordsApiService.ts",17351,.ts,2025-09-30 05:30:34,"Z:\09-25\src-9-30-25-working\features\records-centralized\components\records\DynamicRecordsApiService.ts",Records Centralized
"records-centralized\components\records\DynamicRecordsManager.test.tsx",12393,.tsx,2025-09-30 05:30:34,"Z:\09-25\src-9-30-25-working\features\records-centralized\components\records\DynamicRecordsManager.test.tsx",Records Centralized
"records-centralized\components\records\DynamicRecordsManager.tsx",16155,.tsx,2025-09-30 05:30:34,"Z:\09-25\src-9-30-25-working\features\records-centralized\components\records\DynamicRecordsManager.tsx",Records Centralized
"records-centralized\components\records\DynamicRecordsPageWrapper.tsx",4926,.tsx,2025-09-30 05:30:34,"Z:\09-25\src-9-30-25-working\features\records-centralized\components\records\DynamicRecordsPageWrapper.tsx",Records Centralized
"records-centralized\components\records\DynamicRecordsTable.test.tsx",9328,.tsx,2025-09-30 05:30:34,"Z:\09-25\src-9-30-25-working\features\records-centralized\components\records\DynamicRecordsTable.test.tsx",Records Centralized
"records-centralized\components\records\DynamicRecordsTable.tsx",13245,.tsx,2025-09-30 05:30:34,"Z:\09-25\src-9-30-25-working\features\records-centralized\components\records\DynamicRecordsTable.tsx",Records Centralized
"records-centralized\components\records\EditableRecordPage.tsx",14583,.tsx,2025-09-30 05:30:34,"Z:\09-25\src-9-30-25-working\features\records-centralized\components\records\EditableRecordPage.tsx",Records Centralized
"records-centralized\components\records\EmailData.tsx",17358,.tsx,2025-09-30 05:30:34,"Z:\09-25\src-9-30-25-working\features\records-centralized\components\records\EmailData.tsx",Records Centralized
"records-centralized\components\records\EventData.ts",1327,.ts,2025-09-30 05:30:34,"Z:\09-25\src-9-30-25-working\features\records-centralized\components\records\EventData.ts",Records Centralized
"records-centralized\components\records\FilterTableData.ts",3399,.ts,2025-09-30 05:30:34,"Z:\09-25\src-9-30-25-working\features\records-centralized\components\records\FilterTableData.ts",Records Centralized
"records-centralized\components\records\FuneralRecords.tsx",14339,.tsx,2025-09-30 05:30:34,"Z:\09-25\src-9-30-25-working\features\records-centralized\components\records\FuneralRecords.tsx",Funeral
"records-centralized\components\records\generateDummyRecords.ts",19229,.ts,2025-09-30 05:30:34,"Z:\09-25\src-9-30-25-working\features\records-centralized\components\records\generateDummyRecords.ts",Records Centralized
"records-centralized\components\records\ImportRecordsButton.tsx",18265,.tsx,2025-09-30 05:30:34,"Z:\09-25\src-9-30-25-working\features\records-centralized\components\records\ImportRecordsButton.tsx",Records Centralized
"records-centralized\components\records\ImportRecordsButtonSimple.tsx",13216,.tsx,2025-09-30 05:30:34,"Z:\09-25\src-9-30-25-working\features\records-centralized\components\records\ImportRecordsButtonSimple.tsx",Records Centralized
"records-centralized\components\records\ImportRecordsButtonV2.tsx",19813,.tsx,2025-09-30 05:30:34,"Z:\09-25\src-9-30-25-working\features\records-centralized\components\records\ImportRecordsButtonV2.tsx",Records Centralized
"records-centralized\components\records\ImportRecordsExample.tsx",5520,.tsx,2025-09-30 05:30:34,"Z:\09-25\src-9-30-25-working\features\records-centralized\components\records\ImportRecordsExample.tsx",Records Centralized
"records-centralized\components\records\index.ts",67,.ts,2025-09-30 05:30:34,"Z:\09-25\src-9-30-25-working\features\records-centralized\components\records\index.ts",Records Centralized
"records-centralized\components\records\KanbanData.tsx",8452,.tsx,2025-09-30 05:30:34,"Z:\09-25\src-9-30-25-working\features\records-centralized\components\records\KanbanData.tsx",Records Centralized
"records-centralized\components\records\LanguageData.js",691,.js,2025-09-30 05:30:34,"Z:\09-25\src-9-30-25-working\features\records-centralized\components\records\LanguageData.js",Records Centralized
"records-centralized\components\records\Menudata.ts",5867,.ts,2025-09-30 05:30:34,"Z:\09-25\src-9-30-25-working\features\records-centralized\components\records\Menudata.ts",Records Centralized
"records-centralized\components\records\mockData.ts",6361,.ts,2025-09-30 05:30:34,"Z:\09-25\src-9-30-25-working\features\records-centralized\components\records\mockData.ts",Records Centralized
"records-centralized\components\records\ModernDynamicRecordsManager.tsx",17653,.tsx,2025-09-30 05:30:34,"Z:\09-25\src-9-30-25-working\features\records-centralized\components\records\ModernDynamicRecordsManager.tsx",Records Centralized
"records-centralized\components\records\ModernDynamicRecordsTable.tsx",15323,.tsx,2025-09-30 05:30:34,"Z:\09-25\src-9-30-25-working\features\records-centralized\components\records\ModernDynamicRecordsTable.tsx",Records Centralized
"records-centralized\components\records\NotesData.ts",4669,.ts,2025-09-30 05:30:34,"Z:\09-25\src-9-30-25-working\features\records-centralized\components\records\NotesData.ts",Records Centralized
"records-centralized\components\records\OptimizedRecordsTable.tsx",20479,.tsx,2025-09-30 05:30:34,"Z:\09-25\src-9-30-25-working\features\records-centralized\components\records\OptimizedRecordsTable.tsx",Records Centralized
"records-centralized\components\records\orthodoxRoutesData.ts",9438,.ts,2025-09-30 05:30:34,"Z:\09-25\src-9-30-25-working\features\records-centralized\components\records\orthodoxRoutesData.ts",Records Centralized
"records-centralized\components\records\PaginationData.ts",3642,.ts,2025-09-30 05:30:34,"Z:\09-25\src-9-30-25-working\features\records-centralized\components\records\PaginationData.ts",Records Centralized
"records-centralized\components\records\ProductsData.ts",9338,.ts,2025-09-30 05:30:34,"Z:\09-25\src-9-30-25-working\features\records-centralized\components\records\ProductsData.ts",Records Centralized
"records-centralized\components\records\RecordCard.tsx",7412,.tsx,2025-09-30 05:30:34,"Z:\09-25\src-9-30-25-working\features\records-centralized\components\records\RecordCard.tsx",Records Centralized
"records-centralized\components\records\RecordFilter.tsx",7474,.tsx,2025-09-30 05:30:34,"Z:\09-25\src-9-30-25-working\features\records-centralized\components\records\RecordFilter.tsx",Records Centralized
"records-centralized\components\records\RecordFilters.tsx",3172,.tsx,2025-09-30 05:30:34,"Z:\09-25\src-9-30-25-working\features\records-centralized\components\records\RecordFilters.tsx",Records Centralized
"records-centralized\components\records\RecordGenerator.tsx",15614,.tsx,2025-09-30 05:30:34,"Z:\09-25\src-9-30-25-working\features\records-centralized\components\records\RecordGenerator.tsx",Records Centralized
"records-centralized\components\records\RecordHeader.tsx",5221,.tsx,2025-09-30 05:30:34,"Z:\09-25\src-9-30-25-working\features\records-centralized\components\records\RecordHeader.tsx",Records Centralized
"records-centralized\components\records\RecordHistoryModal.tsx",3232,.tsx,2025-09-30 05:30:34,"Z:\09-25\src-9-30-25-working\features\records-centralized\components\records\RecordHistoryModal.tsx",Records Centralized
"records-centralized\components\records\RecordList.tsx",6339,.tsx,2025-09-30 05:30:34,"Z:\09-25\src-9-30-25-working\features\records-centralized\components\records\RecordList.tsx",Records Centralized
"records-centralized\components\records\RecordManager.tsx",12363,.tsx,2025-09-30 05:30:34,"Z:\09-25\src-9-30-25-working\features\records-centralized\components\records\RecordManager.tsx",Records Centralized
"records-centralized\components\records\RecordPagination.tsx",2496,.tsx,2025-09-30 05:30:34,"Z:\09-25\src-9-30-25-working\features\records-centralized\components\records\RecordPagination.tsx",Records Centralized
"records-centralized\components\records\RecordPreviewPane.tsx",8874,.tsx,2025-09-30 05:30:34,"Z:\09-25\src-9-30-25-working\features\records-centralized\components\records\RecordPreviewPane.tsx",Records Centralized
"records-centralized\components\records\RecordsApiService.test.ts",6819,.ts,2025-09-30 05:30:34,"Z:\09-25\src-9-30-25-working\features\records-centralized\components\records\RecordsApiService.test.ts",Records Centralized
"records-centralized\components\records\RecordsApiService.ts",14793,.ts,2025-09-30 05:30:34,"Z:\09-25\src-9-30-25-working\features\records-centralized\components\records\RecordsApiService.ts",Records Centralized
"records-centralized\components\records\RecordsCentralized.test.tsx",22828,.tsx,2025-09-30 05:30:34,"Z:\09-25\src-9-30-25-working\features\records-centralized\components\records\RecordsCentralized.test.tsx",Records Centralized
"records-centralized\components\records\RecordsContext.tsx",8386,.tsx,2025-09-30 05:30:34,"Z:\09-25\src-9-30-25-working\features\records-centralized\components\records\RecordsContext.tsx",Records Centralized
"records-centralized\components\records\RecordSearch.tsx",4808,.tsx,2025-09-30 05:30:34,"Z:\09-25\src-9-30-25-working\features\records-centralized\components\records\RecordSearch.tsx",Records Centralized
"records-centralized\components\records\RecordSidebar.tsx",963,.tsx,2025-09-30 05:30:34,"Z:\09-25\src-9-30-25-working\features\records-centralized\components\records\RecordSidebar.tsx",Records Centralized
"records-centralized\components\records\RecordsModal.tsx",8977,.tsx,2025-09-30 05:30:34,"Z:\09-25\src-9-30-25-working\features\records-centralized\components\records\RecordsModal.tsx",Records Centralized
"records-centralized\components\records\RecordsSearch.tsx",12204,.tsx,2025-09-30 05:30:34,"Z:\09-25\src-9-30-25-working\features\records-centralized\components\records\RecordsSearch.tsx",Records Centralized
"records-centralized\components\records\RecordsTable.tsx",11800,.tsx,2025-09-30 05:30:34,"Z:\09-25\src-9-30-25-working\features\records-centralized\components\records\RecordsTable.tsx",Records Centralized
"records-centralized\components\records\RecordsTypes.ts",15573,.ts,2025-09-30 05:30:34,"Z:\09-25\src-9-30-25-working\features\records-centralized\components\records\RecordsTypes.ts",Records Centralized
"records-centralized\components\records\RecordTable.tsx",9961,.tsx,2025-09-30 05:30:34,"Z:\09-25\src-9-30-25-working\features\records-centralized\components\records\RecordTable.tsx",Records Centralized
"records-centralized\components\records\RecordTableConfigApiService.ts",12891,.ts,2025-09-30 05:30:34,"Z:\09-25\src-9-30-25-working\features\records-centralized\components\records\RecordTableConfigApiService.ts",Records Centralized
"records-centralized\components\records\RecordWorkflowExample.tsx",11451,.tsx,2025-09-30 05:30:34,"Z:\09-25\src-9-30-25-working\features\records-centralized\components\records\RecordWorkflowExample.tsx",Records Centralized
"records-centralized\components\records\ScatterDatasetChart.tsx",2367,.tsx,2025-09-30 05:30:34,"Z:\09-25\src-9-30-25-working\features\records-centralized\components\records\ScatterDatasetChart.tsx",Records Centralized
"records-centralized\components\records\ScatterDatasetCode.tsx",2511,.tsx,2025-09-30 05:30:34,"Z:\09-25\src-9-30-25-working\features\records-centralized\components\records\ScatterDatasetCode.tsx",Records Centralized
"records-centralized\components\records\SliderData.ts",759,.ts,2025-09-30 05:30:34,"Z:\09-25\src-9-30-25-working\features\records-centralized\components\records\SliderData.ts",Records Centralized
"records-centralized\components\records\SSPPOCRecordsPage.tsx",77406,.tsx,2025-09-30 05:30:34,"Z:\09-25\src-9-30-25-working\features\records-centralized\components\records\SSPPOCRecordsPage.tsx",Records Centralized
"records-centralized\components\records\SystemMetadataSection.tsx",2067,.tsx,2025-09-30 05:30:34,"Z:\09-25\src-9-30-25-working\features\records-centralized\components\records\SystemMetadataSection.tsx",Records Centralized
"records-centralized\components\records\tableData.ts",6289,.ts,2025-09-30 05:30:34,"Z:\09-25\src-9-30-25-working\features\records-centralized\components\records\tableData.ts",Records Centralized
"records-centralized\components\records\TaskData.tsx",7272,.tsx,2025-09-30 05:30:34,"Z:\09-25\src-9-30-25-working\features\records-centralized\components\records\TaskData.tsx",Records Centralized
"records-centralized\components\records\TicketData.ts",4917,.ts,2025-09-30 05:30:34,"Z:\09-25\src-9-30-25-working\features\records-centralized\components\records\TicketData.ts",Records Centralized
"records-centralized\components\records\UnifiedRecordManager.tsx",13679,.tsx,2025-09-30 05:30:34,"Z:\09-25\src-9-30-25-working\features\records-centralized\components\records\UnifiedRecordManager.tsx",Records Centralized
"records-centralized\components\records\UnifiedRecordsApiService.ts",12902,.ts,2025-09-30 05:30:34,"Z:\09-25\src-9-30-25-working\features\records-centralized\components\records\UnifiedRecordsApiService.ts",Records Centralized
"records-centralized\components\records\UnifiedRecordTable.tsx",6259,.tsx,2025-09-30 05:30:34,"Z:\09-25\src-9-30-25-working\features\records-centralized\components\records\UnifiedRecordTable.tsx",Records Centralized
"records-centralized\components\records\useAgGridConfig.ts",456,.ts,2025-09-30 05:30:34,"Z:\09-25\src-9-30-25-working\features\records-centralized\components\records\useAgGridConfig.ts",Records Centralized
"records-centralized\components\records\useCalendarData.ts",9158,.ts,2025-09-30 05:30:34,"Z:\09-25\src-9-30-25-working\features\records-centralized\components\records\useCalendarData.ts",Records Centralized
"records-centralized\components\records\useDynamicRecords.test.tsx",11290,.tsx,2025-09-30 05:30:34,"Z:\09-25\src-9-30-25-working\features\records-centralized\components\records\useDynamicRecords.test.tsx",Records Centralized
"records-centralized\components\records\useDynamicRecords.ts",12703,.ts,2025-09-30 05:30:34,"Z:\09-25\src-9-30-25-working\features\records-centralized\components\records\useDynamicRecords.ts",Records Centralized
"records-centralized\components\records\useRecordManager.js",16783,.js,2025-09-30 05:30:34,"Z:\09-25\src-9-30-25-working\features\records-centralized\components\records\useRecordManager.js",Records Centralized
"records-centralized\components\records\useRecords.ts",11012,.ts,2025-09-30 05:30:34,"Z:\09-25\src-9-30-25-working\features\records-centralized\components\records\useRecords.ts",Records Centralized
"records-centralized\components\records\useUnifiedRecords.ts",12734,.ts,2025-09-30 05:30:34,"Z:\09-25\src-9-30-25-working\features\records-centralized\components\records\useUnifiedRecords.ts",Records Centralized
"records-centralized\components\schemas.ts",1259,.ts,2025-09-30 05:30:34,"Z:\09-25\src-9-30-25-working\features\records-centralized\components\schemas.ts",Records Centralized
"records-centralized\components\Sizes.tsx",228,.tsx,2025-09-30 05:30:34,"Z:\09-25\src-9-30-25-working\features\records-centralized\components\Sizes.tsx",Records Centralized
"records-centralized\components\SizesAutocomplete.tsx",5569,.tsx,2025-09-30 05:30:34,"Z:\09-25\src-9-30-25-working\features\records-centralized\components\SizesAutocomplete.tsx",Records Centralized
"records-centralized\components\SubtleAlert.tsx",1139,.tsx,2025-09-30 05:30:34,"Z:\09-25\src-9-30-25-working\features\records-centralized\components\SubtleAlert.tsx",Records Centralized
"records-centralized\components\TableControlPanel\index.tsx",775,.tsx,2025-09-30 05:30:34,"Z:\09-25\src-9-30-25-working\features\records-centralized\components\TableControlPanel\index.tsx",Records Centralized
"records-centralized\components\TemperatureRangeCode.tsx",663,.tsx,2025-09-30 05:30:34,"Z:\09-25\src-9-30-25-working\features\records-centralized\components\TemperatureRangeCode.tsx",Records Centralized
"records-centralized\components\Theme\ThemedLayout.tsx",320,.tsx,2025-09-30 05:30:34,"Z:\09-25\src-9-30-25-working\features\records-centralized\components\Theme\ThemedLayout.tsx",Records Centralized
"records-centralized\components\TiptapEdit.tsx",1576,.tsx,2025-09-30 05:30:34,"Z:\09-25\src-9-30-25-working\features\records-centralized\components\TiptapEdit.tsx",Records Centralized
"records-centralized\components\TiptapEditor.tsx",810,.tsx,2025-09-30 05:30:34,"Z:\09-25\src-9-30-25-working\features\records-centralized\components\TiptapEditor.tsx",Records Centralized
"records-centralized\components\TypeBadge.tsx",808,.tsx,2025-09-30 05:30:34,"Z:\09-25\src-9-30-25-working\features\records-centralized\components\TypeBadge.tsx",Records Centralized
"records-centralized\components\VolumeSlider.tsx",821,.tsx,2025-09-30 05:30:34,"Z:\09-25\src-9-30-25-working\features\records-centralized\components\VolumeSlider.tsx",Records Centralized
"records-centralized\components\VolumesliderCode.tsx",1167,.tsx,2025-09-30 05:30:34,"Z:\09-25\src-9-30-25-working\features\records-centralized\components\VolumesliderCode.tsx",Records Centralized
"records-centralized\constants\index.ts",967,.ts,2025-09-30 05:30:34,"Z:\09-25\src-9-30-25-working\features\records-centralized\constants\index.ts",Records Centralized
"records-centralized\context\AuthContext.tsx",646,.tsx,2025-09-30 05:30:34,"Z:\09-25\src-9-30-25-working\features\records-centralized\context\AuthContext.tsx",Records Centralized
"records-centralized\context\ThemeContext.tsx",746,.tsx,2025-09-30 05:30:34,"Z:\09-25\src-9-30-25-working\features\records-centralized\context\ThemeContext.tsx",Records Centralized
"records-centralized\index.ts",199,.ts,2025-09-30 05:30:34,"Z:\09-25\src-9-30-25-working\features\records-centralized\index.ts",Records Centralized
"records-centralized\schemas\record-schemas.ts",663,.ts,2025-09-30 05:30:34,"Z:\09-25\src-9-30-25-working\features\records-centralized\schemas\record-schemas.ts",Records Centralized
"records-centralized\services\churchService.ts",1146,.ts,2025-09-30 05:30:34,"Z:\09-25\src-9-30-25-working\features\records-centralized\services\churchService.ts",Records Centralized
"records-centralized\services\recordService.ts",628,.ts,2025-09-30 05:30:34,"Z:\09-25\src-9-30-25-working\features\records-centralized\services\recordService.ts",Records Centralized
"records-centralized\utils\devLogger.ts",263,.ts,2025-09-30 05:30:34,"Z:\09-25\src-9-30-25-working\features\records-centralized\utils\devLogger.ts",Records Centralized
